{
    "xData": [
        1697320800,
        1697407200,
        1697493600,
        1697580000,
        1697666400,
        1697752800,
        1697839200,
        1697925600,
        1698012000,
        1698098400,
        1698184800,
        1698271200,
        1698357600,
        1698444000,
        1698530400,
        1698620400,
        1698706800,
        1698793200,
        1698879600,
        1698966000,
        1699052400,
        1699138800,
        1699225200,
        1699311600,
        1699398000,
        1699484400,
        1699570800,
        1699657200,
        1699743600,
        1699830000,
        1699916400,
        1700002800,
        1700089200,
        1700175600,
        1700262000,
        1700348400,
        1700434800,
        1700521200,
        1700607600,
        1700694000,
        1700780400,
        1700866800,
        1700953200,
        1701039600,
        1701126000,
        1701212400,
        1701298800,
        1701385200,
        1701471600,
        1701558000,
        1701644400,
        1701730800,
        1701817200,
        1701903600,
        1701990000,
        1702076400,
        1702162800,
        1702249200,
        1702335600,
        1702422000,
        1702508400,
        1702594800,
        1702681200,
        1702767600,
        1702854000,
        1702940400,
        1703026800,
        1703113200,
        1703199600,
        1703286000,
        1703372400,
        1703458800,
        1703545200,
        1703631600,
        1703718000,
        1703804400,
        1703890800,
        1703977200,
        1704063600,
        1704150000,
        1704236400,
        1704322800,
        1704409200,
        1704495600,
        1704582000,
        1704668400,
        1704754800,
        1704841200,
        1704927600,
        1705014000
    ],
    "yData": [
        2.403225806451613,
        4.826388888888889,
        8.090277777777779,
        7.284722222222222,
        2.0069444444444446,
        2.5,
        1.375,
        3.125,
        7.472222222222222,
        5.229166666666667,
        1.5902777777777777,
        4.145833333333333,
        1.7361111111111112,
        1.5694444444444444,
        1.3666666666666667,
        3.076388888888889,
        2.7916666666666665,
        1.5972222222222223,
        0.7222222222222222,
        3.8680555555555554,
        2.611111111111111,
        0.75,
        1.5277777777777777,
        2.5347222222222223,
        6.263888888888889,
        2.1319444444444446,
        3.0625,
        9.36111111111111,
        8.881944444444445,
        3.0,
        2.361111111111111,
        3.9027777777777777,
        12.097222222222221,
        6.229166666666667,
        12.29861111111111,
        2.7708333333333335,
        1.9652777777777777,
        6.25,
        24.041666666666668,
        9.465277777777779,
        4.722222222222222,
        9.395833333333334,
        13.597222222222221,
        10.590277777777779,
        18.4375,
        26.395833333333332,
        34.65972222222222,
        46.6875,
        48.59027777777778,
        43.729166666666664,
        9.458333333333334,
        6.965277777777778,
        27.354166666666668,
        24.868055555555557,
        15.465277777777779,
        8.3125,
        6.027777777777778,
        4.986111111111111,
        7.805555555555555,
        3.9444444444444446,
        4.576388888888889,
        15.8125,
        24.666666666666668,
        45.263888888888886,
        32.951388888888886,
        24.333333333333332,
        3.1180555555555554,
        3.013888888888889,
        1.9444444444444444,
        1.2083333333333333,
        2.875,
        2.6666666666666665,
        4.138888888888889,
        5.520833333333333,
        5.027777777777778,
        2.236111111111111,
        3.048611111111111,
        2.763888888888889,
        3.0416666666666665,
        0.7013888888888888,
        1.8402777777777777,
        2.6666666666666665,
        4.680555555555555,
        13.1875,
        26.26388888888889,
        36.201388888888886,
        40.875,
        50.86805555555556,
        59.59722222222222,
        35.0
    ]
}